-- phpMyAdmin SQL Dump
-- version 4.9.0.1
-- https://www.phpmyadmin.net/
--
-- Host: 127.0.0.1
-- Waktu pembuatan: 07 Des 2020 pada 03.16
-- Versi server: 10.4.6-MariaDB
-- Versi PHP: 7.3.9

SET SQL_MODE = "NO_AUTO_VALUE_ON_ZERO";
SET AUTOCOMMIT = 0;
START TRANSACTION;
SET time_zone = "+00:00";


/*!40101 SET @OLD_CHARACTER_SET_CLIENT=@@CHARACTER_SET_CLIENT */;
/*!40101 SET @OLD_CHARACTER_SET_RESULTS=@@CHARACTER_SET_RESULTS */;
/*!40101 SET @OLD_COLLATION_CONNECTION=@@COLLATION_CONNECTION */;
/*!40101 SET NAMES utf8mb4 */;

--
-- Database: `db_go_healthy`
--

-- --------------------------------------------------------

--
-- Struktur dari tabel `berita`
--

CREATE TABLE `berita` (
  `id_berita` int(11) NOT NULL,
  `judul` text NOT NULL,
  `isi_berita` text NOT NULL,
  `penulis` varchar(100) NOT NULL,
  `sumber` varchar(50) NOT NULL,
  `image` text NOT NULL,
  `posted_at` datetime NOT NULL DEFAULT current_timestamp()
) ENGINE=InnoDB DEFAULT CHARSET=latin1;

--
-- Dumping data untuk tabel `berita`
--

INSERT INTO `berita` (`id_berita`, `judul`, `isi_berita`, `penulis`, `sumber`, `image`, `posted_at`) VALUES
(1, 'Doyan Jajan Minuman dan Makanan Kekinian, Diabetes Kemudian...', 'Kebiasaan mengonsumsi minuman dan makanan kekinian yang tinggi kalori dan gula dapat meningkatkan risiko penyakit diabetes. Beberapa di antaranya kopi susu gula aren, roti, donat, boba drink, burger, hotdog, gorengan, sampai nasi goreng dengan beragam topping. Makanan dan minuman tersebut apabila rutin dikonsumsi dalam jangka panjang bisa memicu obesitas, biang utama penyakit diabetes.\r\n\r\nDiabetes adalah penyakit kronis serius yang terjadi karena pankreas tidak dapat menghasilkan atau menggunakan hormon insulin secara efisien. Hormon ini berfungsi mengatur kadar gula darah dalam tubuh. Komplikasi diabetes dapat menyebabkan penyakit jantung, ginjal, kebutaan, amputasi, serta gangguan mental skizofrenia. Ahli gizi dari Primaya Hospital Tangerang, dr. Yohan Samudra, SpGK. menyebut, sejumlah kuliner kekinian yang naik daun cenderung memanjakan lidah tapi bisa merusak badan. \"Saat ini sedang marak kopi kekinian. Pada dasarnya, kopi hitam nol kalori. Tapi ketika dicampur gula aren, susu, krimer, kadar gula dan kalorinya jadi tinggi,\" jelas Yohan, melalui siaran pers yang diterima Kompas.com, Jumat (13/11/2020).\r\n\r\nBukan hanya minuman kopi susu manis, Yohan menyebut minuman lain seperti teh aneka rasa dengan beragam topping seperti gula aren, boba, jeli, dan puding juga bisa meningkatkan risiko penyakit kencing manis karena tinggi gula. Kebiasaan jajan minuman kekinian tersebut kian tak sehat apabila ditunjang pola makan tinggi kalori seperti nasi goreng, mi goreng, nasi uduk, nasi padang, makanan cepat saji, dan makanan berpengawet lainnya. Sebagai ilustrasi, satu porsi nasi goreng atau nasi padang mengandung 500 kkal sampai 900 kkal, tergantung cara memasak sampai bahan yang digunakan.\r\n\r\nTak hanya minuman manis, Yohan juga menyampaikan camilan seperti gorengan, batagor siomay, pempek, martabak, dan jajanan pasar berbasis tepung juga bisa meningkatkan risiko penyakit diabetes.\r\n\r\nMenutut Yohan, camilan mungil seperti kukis setiap kepingnya mengandung 40 kkal.\r\n\r\nSedangkan satu buah donat atau sepotong roti bisa memiliki 200 kkal sampai 350 kkal, tergantung varian rasanya.\r\n\r\nSementara jajanan pasar, setiap sajiannya bisa menyumbang 150 kkal sampai 250 kkal.\r\n\r\nDokter spesialis gizi dari Primaya Hospital Makassar, dr. Andi Faradilah, Sp.GK menjelaskan,  suatu makanan dan minuman berpotensi menyebabkan diabetes dapat dilihat dari besarnya kalori. Selain itu, jumlah gula atau karbohidrat dan jenis karbohidrat juga bisa memengaruhi kualitas suatu makanan tergolong sehat atau tidak sehat.  Jenis karbohidrat sederhana seperti gula, nasi putih, tepung terigu, dll. umumnya membuat gula darah gampang melonjak. Berbeda dengan karbohidrat kompleks dari beras merah, gandum utuh, sayuran, buah, dan kacang-kacangan.    \"Makanan atau minuman bisa disebut memicu diabetes tergantung dari kadar gula atau karbohidrat. Tolok ukur lainnya yakni seberapa cepat suatu makanan menyebabkan peningkatan gula dalam darah (indeks glikemik),\" jelas Andi. Menurut Andi, makanan penyebab diabetes tak hanya berasal dari asupan tinggi gula dan kalori.\r\n\r\n\"Kadar lemak jenuh juga harus diperhitungkan. Karena, tingginya kadar kolesterol di dalam darah juga menjadi salah satu faktor risiko diabetes,\" kata dia.\r\n\r\nBeberapa jenis minuman, makanan, atau camilan tinggi gula dan kalori dikenal sebagai comfort food. Dr. Yohan Samudra, SpGK. menjelaskan minuman, makanan, atau jajanan comfort food sebenarnya boleh dikonsumsi sesekali, namun tidak boleh jadi kebiasaan atau rutinitas. Ia memberikan gambaran, asupan comfort food idealnya dikonsumsi tak lebih dari 20 persen total asupan setiap hari. Sedangkan 80 persen asupan lain, wajib berasal dari makanan dan minuman sehat. \"Untuk minuman, pilih jenis nol kalori seperti air putih, atau kopi dan teh tanpa gula. Karena, setiap satu sendok makan ada tambahan 100 kkal,\" jelas dia. Demikian juga dengan camilan. Asupan selingan ini disarankan kalorinya tidak lebih dari 150-200 kkal. Sedangkan makanan utama, kalorinya disarankan antara 500-600 kkal. \"Total asupan kalori setiap orang per hari bisa berbeda-beda. Disesuaikan dengan tinggi badan, usia, aktivitas fisik, sampai tingkat stres,\" kata Yohan.', 'Mahardini Nur Afifah', 'KOMPAS.com', 'doyan.jpg', '2020-11-14 00:15:04'),
(2, 'Jangan Anggap Remeh, Flu Bisa Sebabkan Penyakit Berikut', 'Umumnya, penyakit flu bisa sembuh hanya dengan istirahat dan mengonsumsi cairan yang cukup. Namun, ada beberapa kondisi yang membuat gejala flu tak segera pergi dan justru mengakibatkan komplikasi serius. Bahkan, flu yang tak kunjung diatasi bisa memicu kematian. Ada beberapa kondisi yang membuat seseorang rentan mengalami komplikasi saat terkena flu.\r\n\r\nBerikut kondisi yang membuat seseorang rentan mengalami komplikasi ketika flu: berusia di atas 65 tahun atau di bawah lima tahun memliki riwayat penyakit kronis, seperti kelainan darah, gangguan ginjal dan hati, gangguan endokrin, masalah pada jantung atau paru-paru. memiliki sistem kekebalan tubuh yang lemah wanita hamil memiliki indeks massa tubuh di atas 40. Orang dengan kondisi tersebut harus segera melakukan penanganan ketika mengalami flu untuk menghindari komplikasi. Berikut beberapa komplikasi yang bisa terjadi akibat flu: 1. Pneumonia Pneumonia adalah infeksi paru-paru yang menyebabkan alveoli meradang. Kondisi tersebut menimbulkan gejala seperti batuk, demam, gemetar, dan menggigil. Pneumonia dapat berkembang dan menjadi komplikasi flu serius yang mengancam nyawa. Itu sebabnya, kita harus segera mencari perawatan medis jika mengalami gejala berikut: batuk parah dengan lendir dalam jumlah besar kesulitan bernapas sesak napas menggigil parah atau berkeringat demam dengan suhu tubuh di atas 38,9 derajat celcius.\r\n\r\n2. Bronkitis Komplikasi ini disebabkan oleh iritasi pada selaput lendir bronkus di paru-paru.\r\nGejala bronkitis bisa berupa berikut: batuk yang serinkali disertai lendir sesak dada kelelahan demam ringan. Bronkitis seringkali bisa diatasi dengan istirahat, minum banyak caira, dan mengonsumsi obat yang banyak dijual di apotik. Akan tetapi, kita harus segera mencari bantuan dokter jika mengalami demam di atas 38 derajat celcius, gejala berlangsung lebih dari tiga minggu, dan kualitas tidur terganggu. Bronkitis kronis yang tidak diobati dapat menyebabkan kondisi yang lebih serius, seperti pneumonia, emfisema, gagal jantung, dan hipertensi pulmonal.\r\n\r\n3. Sinusitis Sinusitis terjadi karena adanya pembengkakan pada daerah sinus, yang menyebabkan gejala berikut: hidung tersumbat sakit tenggorokan tetes postnasal nyeri di sinus, rahang atas, dan gigi berkurangnya indra penciuman atau perasa batuk. Seringkali, sinusitis bisa diatasi dengan semprotan garam, dekongestan, dan pereda nyeri. Dokter juga bisa meresepkan ortikosteroid hidung seperti fluticasone (Flonase) atau mometasone (Nasonex) untuk mengurangi peradangan. Akan tetapi, kita harus segera mencari pertolongan medis jika mengalami gejala berikut: nyeri atau bengkak di dekat mata dahi bengkak sakit kepala parah kebingungan gangguan penglihatan sulit bernafas leher kaku.\r\n\r\n4. Otitis media Otitis media merupakan infeksi telinga yang menyebabkan peradangan dan pembengkakan pada telinga tengah. Gejalanya meliputi:\r\ndemam gangguan pendengaran muntah perubahan mood. Penyakit ini membutuhkan pertolongan medis jika gejala berlangsung lebih dari sehari, sakit telinga parah, kotoran telinga muncul, dan sulit tidur.\r\n\r\n5. Radang otak Radang otak dapat terjadi ktika virus flu memasuki jaringan otak dan menyebabkan peradangan. Hal ini dapat menyebabkan kerusakan sel saraf, pendarahan di otak, dan kerusakan otak. Orang yang mengalami radang otak biasanya mengalami gejala berikut: sakit kepala parah demam tinggi muntah sensitivitas cahaya kantuk berlebihan. Meski jarang, kondisi ini juga dapat menyebabkan tremor dan kesulitan bergerak.', 'Ariska Puspita Anggraini', 'KOMPAS.com', 'jangan.jpg', '2020-11-14 00:15:04'),
(3, 'Radang Tenggorokan pada Anak: Gejala, Penyebab, Cara Mengobati', 'Radang tenggorokan bisa dialami orang dari berbagai usia, tak terkecuali anak-anak. Kendati umumnya bukan masalah kesehatan serius, radang tenggorokan pada anak bisa membuat si kecil rewel karena merasa tidak nyaman. Berikut penjelasan lebih lanjut mengenai penyebab, gejala, dan cara mengobati radang tenggorokan pada anak\r\n\r\nMelansir Raising Children, penyebab radang tenggorokan pada anak umumnya berasal dari infeksi virus. Virus biang flu, influenza, atau demam kelenjar kerap memicu radang tenggorokan. Infeksi bakteri seperti streptokokus juga bisa jadi penyebab radang tenggorokan. Jika amandel anak membengkak dan berwarna merah, kemungkinan penyebab gangguan kesehatan ini berasal dari tonsilitis. Selain itu, masalah kesehatan mulut seperti sariawan juga bisa jadi penyebab radang tenggorokan.\r\n\r\nGejala radang tenggorokan pada anak Terdapat sejumlah gejala radang tenggorokan pada anak. Melansir Kid\'s Health, beberapa gejala yang kerap dikeluhkan penderitanya yakni: Tenggorokan terasa sakit Demam Kelenjar di leher bengkak Bau mulut Tenggorokan terasa gatal Bagian belakang mulut kemerahan atau meradang. Namun, orangtua tak perlu khawatir. Ada beberapa cara mengobati radang tenggorokan pada anak yang bisa dijajal, antara lain: Memberikan minuman hangat untuk membuat nyaman tenggorokan yang sakit Minta obat pereda rasa nyeri untuk anak kepada dokter Memberikan permen pelega tenggorokan pada anak berusia di atas empat tahun Hindari menggunakan madu sebagai obat radang tenggorokan anak untuk bayi di bawah usia satu tahun\r\n\r\nRadang tenggorokan pada anak umumnya sembuh setelah seminggu. Anda perlu waspada dan membawa si kecil ke dokter jika radang tenggorokan pada anak disertai gejala: Susah menelan Tidak bisa minum cairan sama sekali Anak lemas Ada nanah di bagian belakang tenggorokan Gejala radang tenggorokan tak kunjung membaik dalam beberapa hari Penyakit radang tenggorokan pada anak bisa dicegah dengan cara tidak berbagi gelas dan alat makan dengan orang lain. Selain itu, jauhkan anak saat ada orang sakit radang tenggorokan, flu, atau pilek.\r\n', 'Mahardini Nur Afifah', 'KOMPAS.com', 'radang.jpg', '2020-11-14 00:22:08'),
(4, '7 Obat Radang Tenggorokan Alami', 'Sakit radang tenggorokan adalah rasa nyeri, gatal, dan tak nyaman di tenggorokan. Rasa sakit dan tak nyaman pada radang tenggorokan ini kian terasa setelah digunakan untuk menelan dan berbicara. Penyebab radang tenggorokan umumnya karena infeksi virus seperti flu.\r\n\r\nSelain itu, penyakit ini juga bisa disebabkan infeksi bakteri Streptococcus pyogenes, alergi, udara kering, sampai gangguan lambung. Melansir Mayo Clinic, gejala radang tenggorokan bisa berbeda-beda, tergantung penyebabnya. Namun, umumnya penderita merasakan: Tenggorokan sakit atau gatal Kelenjar di leher atau rahang bengkak atau sakit Amandel membengkak atau memerah Muncul bercak putih pada amandel Suara jadi serak Selain gejala di atas, infeksi biang radang tenggorokan juga bisa menyebabkan demam, batuk, badan pegal, sakit kepala, mual, dan muntah. Kabar baiknya, radang tenggorokan umumnya bukan kondisi kesehatan yang perlu dikhawatirkan.\r\n\r\nPenyakit ini bisa disembuhkan dengan beberapa bahan alami yang ada di rumah. Melansir Healthline, berikut beberapa obat radang tenggorokan alami: \r\n\r\n1. Madu Madu merupakan salah satu obat radang tenggorokan alami yang sudah digunakan secara turun-temurun. Madu ampuh mengobati radang tenggorokan karena memiliki formula penyembuh luka, sehingga bisa digunakan untuk membantu mengatasi peradangan.\r\nSelain radang tenggorokan, madu juga bisa mengatasi batuk, terutama di malam hari.\r\n\r\n2. Larutan garam Berkumur dengan larutan garam juga bisa digunakan sebagai obat alami radang tenggorokan. Campuran air dan garam dapat membersihkan kotoran yang tertinggal di mulut, sekaligus membasmi bakteri di tenggorokan. Cara membuat air garam cukup mudah. Campurkan setengah sendok teh garam dengan segelas air putih hangat. Gunakan larutan air garam untuk berkumur setiap tiga jam sekali sampai gejala radang tenggorokan membaik. \r\n\r\n3. Teh chamomile Teh chamomile bisa menjadi obat radang tenggorokan alami karena memiliki formula yang bisa menenangkan peradangan. Teh ini memiliki zat yang bersifat antiperadangan, antioksidan, dan zat lainnya. Beberapa penelitian membuktikan, menghirup uap dan minum teh chamomile dapat membantu mengobati radang tenggorokan dan pilek. Teh ini juga disebut bisa merangsang sistem daya tahan tubuh untuk melawan infeksi biang radang tenggorokan.\r\n\r\n4. Peppermint\r\nPeppermint selama ini dikenal sebagai obat alami untuk mengharumkan napas tak sedap.\r\nSelain itu, peppermint juga bisa menjadi obat radang tenggorokan alami. Peppermint mengandung mentol yang dapat mengencerkan lendir dan menenangkan radang tenggorokan. Selain itu, zat ini juga bersifat antiperadangan, antibakteri, sekaligus antivirus yang bisa membantu mengobati radang tenggorokan. Hal yang perlu diingat, hindari menggunakan minyak esensial peppermint tanpa mencampurkannya dengan minyak pengencer. Gunakan lima minyak esensial peppermint yang dicampurkan dengan satu ons minyak pengencer seperti minyak zaitun, almond, atau kelapa. Jangan pernah menelan minyak esensial termasuk minyak esensial peppermint secara langsung karena rentan membahayakan kesehatan. \r\n\r\n5. Larutan soda kue Selain larutan air garam, larutan soda kue juga bisa digunakan untuk berkumur mengobati radang tenggorokan. Obat radang tenggorokan alami ini bisa membunuh bakteri dan mencegah pertumbuhan ragi serta jamur. Cara menyiapkan larutan soda kue untuk obat kumur alami radang tenggorokan cukup mudah. Campurkan 1/4 sendok teh soda kue, 1/8 sendok teh garam, dan satu cangkir air hangat.\r\nGunakan campuran larutan soda kue tersebut untuk berkumur tiga jam sekali.\r\n\r\n6. Cuka apel Cuka apel merupakan obat radang tenggorokan alami yang potensial karena mengandung bahan antibakteri. Sejumlah penelitian juga membuktikan, cuka apel memiliki efek antimikroba untuk membantu melawan infeksi. Sifat asam dari cuka apel dapat memecah lendir di tenggorokan dan menghentikan penyebaran bakteri. Cara menggunakan cuka apel untuk mengobati radang tenggorokan cukup praktis. Encerkan satu hingga dua sendok makan cuka apel ke dalam satu cangkir air. Gunakan larutan cuka apel tersebut untuk berkumur dua jam sekali sampai gejala penyakit reda. \r\n\r\n7. Bawang putih Bawang putih juga potensial menjadi obat radang tenggorokan alami. Bawang punya memiliki sifat antibakteri karena mengandung senyawa allicin. Senyawa ini ampuh melawan infeksi. Cara menggunakan bawang putih untuk mengobati radang tenggorokan bisa dengan mengunyah secara langsung, atau menggunakannya sebagai campuran masakan. Namun ingat, pastikan untuk menyikat gigi setelah makan bawang putih. Tujuannya untuk melindungi gigi dan mencegah bau tak sedap di mulut. Jika beberapa obat radang tenggorokan alami tersebut tak ampuh mengatasi gangguan kesehatan ini, coba gunakan obat radang pelega tenggorokan atau obat semprot yang dijual di apotek. Anda perlu ke dokter apabila radang tenggorokan berlangsung lebih dari seminggu, sakitnya menjalar ke telinga, atau sampai susah menelan, bernapas, atau membuka mulut.\r\n', 'Mahardini Nur Afifah', 'KOMPAS.com', '7obat.jpg', '2020-11-14 00:22:08'),
(5, 'Hati-Hati, Ini 4 Bahaya Seks Anal', 'Praktik seks yang sehat dan aman adalah cara untuk mendapatkankepuasan dan menjaga kesehatan diri. Namun, ada beberapa bentuk praktik seks yang berbahaya, salah satunya seks anal Seks anal bisa memicu brbagai risiko penyakit, yang bahkan mengancam nyawa kita.\r\n\r\n1. Meningkatkan risiko infeksi Anus memiliki sel-sel yang lebih sedikit untuk membuat pelumas alami. Selain itu, lapisan rektum juga lebih tipis dari pada vagina. Faktor tersebut dapat meningkatkan risiko robekan di anus dan rektum. Selain itu, tinja yang secara alami mengandung bakteri melewati rektum dan anus saat keluar dari tubuh. Bakteri tersebut berpotensi menyerang kulit melalui robekan tersebut. Hal ini bisa meningkatkan risiko abses anus atau infeksi kulit bagian dalam. \r\n\r\n2. Meningkatkan risiko infeksi menular seksual Tak hanya memicu infeksi bakteri, seks anal juga bisa memicu infeksi menular seksual, seperti klamidia,gonore, hepatitis, HIV, dan herpes. Hal ini terjadi karena risiko robek akibat seks anal yang tinggi juga memicu penyebaran infeksi menular seksual.\r\nSeks anal adalah perilaku seksual berisiko tertinggi untuk penularan HIV dibandingkan dengan praktiks seksual lain, seperti seks vaginal atau oral. Bahkan, risikonya lebih tinggi hingga 13 kali.\r\n\r\n3. Memperparah kondisi wasir Wasir adalah area pembuluh darah di dalam dan di luar rektum yang dapat menyebabkan rasa gatal, pendarahan ringan, dan terkadang nyeri. Bagi orang yang sudah mengalami wasir, seks anal bisa memperparah kondisi yang sudah ada. Akan tetapi, seks anal tidak bisa menyebabkan wasir.\r\n\r\n4. Meningkatkan risiko fistula Dalam kasus yang sangat jarang, ada kemungkinan robekan pada lapisan anus atau rektum bisa membesar. Terkadang, kondisi ini bisamemicu fistula atau terbentuknya celah kecil pada area sekitar anus hingga usus. Fistula bisa memicu berbagai kondisi medis serius karena bisa menyebabkan bakteri menyebar ke berbagai area tubuh.\r\n', 'Ariska Puspita Anggraini', 'KOMPAS.com', 'hati-hati.jpg', '2020-11-14 00:26:35'),
(6, '4 Sayuran yang Bagus untuk Penderita Diabetes', 'Ketika didiagnosis mengidap diabetes, seseorang penting untuk selalu menjaga asupan makanan mereka demi kesehatan. Dalam pengaturan pola makan ini, tersedia beberapa jenis sayuran yang bagus dikonsumsi oleh penderita diabetes. Sayuran ini pasalnya memiliki karakteristik atau mengandung berbagai nutrisi yang bisa membantu menurunkan kadar gula darah maupun mencegah peningkatan gula darah secara drastis.\r\nBerikut ini adalah beragam sayuran terbaik untuk penderita diabetes? \r\n\r\n1. Sayuran rendah glycemic index (GI) Peringkat GI suatu makanan menunjukkan seberapa cepat tubuh menyerap glukosa dari makanan itu. Tubuh menyerap gula darah lebih cepat dari makanan tinggi GI dibandingkan makanan rendah GI. Melansir Medical News Today, penderita diabetes harus makan sayuran dengan nilai GI rendah untuk menghindari lonjakan gula darah. Seperti diketahui, tidak semua sayuran aman bagi penderita diabetes, bahkan ada yang memiliki GI tinggi. Kentang rebus misalnya, memiliki nilai GI mencapai 78.\r\nAngka tersebut jauh lebih besar ketimbang yang dimiliki beberapa jenis sayuran populer lainnya, yakni: Wortel hanya memiliki nilai GI 41 saat direbus dan 16 saat mentah Brokoli 10 Tomat 15\r\nBerikut ini adalah beragam jenis sayuran rendah GI lainnya yang aman dikonsumsi oleh penderita diabetes: Asparagus Brokoli Kol bunga Selada Terong Paprika Kacang polong Bayam Seledri Penting untuk diperhatikan bahwa GI memberikan nilai relatif untuk setiap jenis makanan dan tidak mengacu pada kandungan gula tertentu. Beban glikemik (GL) mengacu pada berapa banyak glukosa yang akan masuk ke tubuh dalam satu porsi makanan.\r\n\r\n2. Sayuran yang mengandung nitrat tinggi Makan makanan alami yang kaya nitrat dapat mengurangi tekanan darah dan meningkatkan kesehatan peredaran darah secara keseluruhan. Berikut ini adalah beragam jenis sayuran kaya nitrat yang baik dikonsumsi penderita diabetes: Bit  Selada Seledri Arugula Sayur rhubarb \r\n\r\n3. Sayuran yang mengandung protein Mengasup kaya protein dapat membantu penderita diabetes merasa kenyang lebih lama, mengurangi keinginan untuk ngemil di antara waktu makan. Rekomendasi protein harian pada masing-masing penderita diabetes dapat berbeda-beda, bergantung pada ukuran badan, jenis kelamin, tingkat aktivitas, dan faktor lainnya.\r\nPenderita diabetes dapat berbicara dengan dokter maupun ahli gizi untuk mendapatkan saran terbaik tentang seberapa banyak dan apa yang seharusnya menjadi asupan protein harian ideal mereka.\r\nNamun, berikut ini adalah pilihan sayuran yang mengandung protein lebih tinggi dari beberapa sayuran lainnya: Bayam Bok choy atau sawi sendok Asparagus Sawi hijau Brokoli Kubis Brussel Kembang kol \r\n\r\n4. Sayuran yang mengandung serat tinggi Asupan serat akan lebih baik berasal dari makanan alami, bukan suplemen, sehingga membuat sayuran penting dimasukkan ke dalam diet terkontrol glukosa. Melansir Health Line, serat dalam sayuran terbukti efektif dapat memperlambat penyerapan nutrisi di dalam tubuh, sehingga gula darah tidak cepat naik mendadak. Asupan serat juga dapat membantu mengurangi sembelit, menurunkan kadar kolesterol jahat (LDL), dan membantu mengontrol berat badan. American Academy of Nutrition and Dietetics mengatakan bahwa jumlah serat yang tepat per hari adalah 25 gram (g) untuk wanita dan 38 g untuk pria. Untuk mendukung kecukupan asupan serat tersebut, penderita diabetes bisa mengonsumsi sayuran yang mengandung serat tinggi. Berikut pilihannya: Wortel Bit Brokoli Artichoke Kubis Brussel Kacang polong\r\n', 'Irawan Sapto Adhi', 'KOMPAS.com', '4sayuran.jpg', '2020-11-14 00:26:35');

-- --------------------------------------------------------

--
-- Struktur dari tabel `informasi`
--

CREATE TABLE `informasi` (
  `id_informasi` int(11) NOT NULL,
  `id_tips` int(11) NOT NULL,
  `judul_informasi` text DEFAULT NULL,
  `isi` text NOT NULL,
  `image` text DEFAULT NULL,
  `create_at` timestamp NOT NULL DEFAULT current_timestamp(),
  `update_at` timestamp NOT NULL DEFAULT current_timestamp()
) ENGINE=InnoDB DEFAULT CHARSET=latin1;

--
-- Dumping data untuk tabel `informasi`
--

INSERT INTO `informasi` (`id_informasi`, `id_tips`, `judul_informasi`, `isi`, `image`, `create_at`, `update_at`) VALUES
(1, 1, 'Kurangi konsumsi nasi', 'Karbohidrat dibutuhkan sebagai bahan bakar tubuh. Nasi adalah salah satu sumber karbohidrat yang paling mudah ditemukan. Akan tetapi, konsumsi karbohidrat berupa nasi secara berlebihan juga tak baik untuk tubuh.Mengurangi konsumsi nasi putih adalah salah satu kiat menjaga kesehatan yang dijalankan oleh dr. Andika Widyatama.Kalaupun makan nasi, hanya satu kali dalam sehari. Itu pun hanya pada siang hari. Kalau pagi, saya makan karbohidrat kompleks seperti roti dan gandum. Sedangkan malam saya makan buah saja karena buah mengandung glukosa. Saya lebih banyak makan protein seperti telur, ayam, tempe, dan tahu, kata dr. Andika.', 'nasi.jpg', '2020-12-06 18:01:03', '2020-12-06 18:01:03'),
(2, 1, 'Cukup Minum Air Putih', 'Air merupakan komponen penting dalam tubuh. Manusia membutuhkan air putih minimal 2 liter per hari. Jika kurang, Anda bisa mengalami dehidrasi hingga mengganggu fungsi ginjal.\r\n\r\n\"Saya sekarang lebih banyak minum air putih, hampir tidak lagi minum minuman bersoda. Kalau makan di luar (restoran), saya pilih minum jus,\" kata dr. Andika', 'lagiminum.jpg', '2020-12-06 18:02:33', '2020-12-06 18:02:33'),
(3, 1, 'Olahraga untuk Kebugaran', '\r\nSeiring dengan tugas mereka melayani dalam bidang kesehatan bagi masyarakat luas, para dokter sebenarnya juga memiliki tugas rutin mereka sendiri, yakni menjaga kesehatan! Yuk, cari tahu bagaimana gaya hidup sehat para dokter dan apa saja yang dilakukan untuk menjaga kesehatan mereka sendiri sehari-hari.\r\n\r\nSebagai manusia biasa, dokter juga perlu memperhatikan dirinya sendiri agar tetap fit dalam menjalankan tugasnya. Pada akhirnya, ketika mereka sehat, kinerjanya pun bisa makin optimal dalam memberikan pelayanan kesehatan kepada masyarakat.\r\n\r\nTak bosan-bosannya menyerukan para pasiennya untuk menjalani hidup sehat, tentu Anda penasaran dengan gaya hidup sehat seperti apa yang mereka jalankan setiap hari.\r\n\r\nDengan senang hati, berikut tips gaya hidup sehat dari dokter Klikdokter.\r\n\r\n1 dari 5 halaman\r\n1. Kurangi konsumsi nasi\r\nKurangi konsumsi nasi\r\nKurangi konsumsi nasi\r\nKarbohidrat dibutuhkan sebagai bahan bakar tubuh. Nasi adalah salah satu sumber karbohidrat yang paling mudah ditemukan. Akan tetapi, konsumsi karbohidrat berupa nasi secara berlebihan juga tak baik untuk tubuh.\r\n\r\nMengurangi konsumsi nasi putih adalah salah satu kiat menjaga kesehatan yang dijalankan oleh dr. Andika Widyatama.\r\n\r\nKalaupun makan nasi, hanya satu kali dalam sehari. Itu pun hanya pada siang hari. Kalau pagi, saya makan karbohidrat kompleks seperti roti dan gandum. Sedangkan malam saya makan buah saja karena buah mengandung glukosa. Saya lebih banyak makan protein seperti telur, ayam, tempe, dan tahu, kata dr. Andika.\r\n\r\nArtikel Lainnya: Tips Mengajarkan Gaya Hidup Sehat pada Anak Berkebutuhan Khusus\r\n\r\n2. Cukup Minum Air Putih\r\nAir merupakan komponen penting dalam tubuh. Manusia membutuhkan air putih minimal 2 liter per hari. Jika kurang, Anda bisa mengalami dehidrasi hingga mengganggu fungsi ginjal.\r\n\r\nSaya sekarang lebih banyak minum air putih, hampir tidak lagi minum minuman bersoda. Kalau makan di luar (restoran), saya pilih minum jus,kata dr. Andika\r\n\r\n2 dari 5 halaman\r\n3. Olahraga untuk Kebugaran\r\nWanita sedang Bersepeda\r\nWanita sedang Bersepeda\r\nAgar kesehatan tubuh terjaga sekaligus mencapai atau mempertahankan berat badan ideal, olahraga berperan penting. Para ahli mengatakan perlunya olahraga selama 30 menit per hari sebanyak lima kali dalam seminggu. Totalnya adalah 150 menit dalam seminggu.\r\n\r\nSaya olahraga seminggu minimal tiga kali dan paling banyak lima kali. Saya kombinasikan saja, bisa aerobik dan anaerobik, kata dr. Andika yang rutin joging dan main futsal.\r\n\r\nSaya juga sesekali bersepeda. Kalau nge-gym, latihan saya tidak berat. Saya hanya menjaga tubuh saja dan untuk itu repetisinya agak banyak, ungkap dokter yang juga menjadi host dan narasumber program Hi Doc! di O Channel tersebut.', 'olahraga.jpg', '2020-12-06 18:02:33', '2020-12-06 18:02:33'),
(4, 1, 'Istirahat yang Cukup', 'Banyak ahli menyarankan bahwa tidur yang cukup bagi orang dewasa adalah minimal 7 jam per hari. Manfaat tidur sangat banyak, mulai dari kesehatan otak, wajah yang terlihat segar, perlindungan terhadap penyakit kardiovaskular.\r\n\r\nSaya selalu berusaha istirahat tidur minimal 7 jam. Saya memang tidak pernah tidur siang, tapi istirahat pada malam hari benar-benar saya manfaatkan, kata dr. Andika yang memanfaatkan me-time nya dengan traveling dan main musik.\r\n\r\nManfaatnya untuk melepaskan stres karena rutinitas bisa jadi sangat monoton dan membuat kita penat.', 'tidur.jpg', '2020-12-06 18:03:34', '2020-12-06 18:03:34'),
(5, 1, 'Vaksinasi sesuai anjuran', 'Menurut dr. Melyarna Putri, vaksinasi sesuai anjuran untuk kekebalan tubuh juga perlu dilakukan.\r\n\r\n\"Lengkapi vaksinasi sesuai anjuran, kalau perempuan HPV atau yang dianjurkan sekarang difteri,\"sarannya.', '', '2020-12-06 18:03:34', '2020-12-06 18:03:34'),
(6, 1, 'Mengonsumsi Suplemen', 'Tak jarang, dari makanan juga Anda bisa terkena penyakit. Oleh karena itu, penting untuk mendapatkan suplemen tambahan sesuai kebutuhan tubuh.\r\n\r\n\"Penting untuk melengkapi suplemen dan ini tergantung apa tujuannya. Kalau saya, suplemen vitamin D, C, dan E. Kalau untuk kulit dan kecantikan, bisa ditambah selenium. Kembali lagi, ini harus disesuaikan dengan kebutuhan masing-masing orang,\" ujar dokter yang pernah bertugas di Belitung Timur ini.', 'suplement.jpg', '2020-12-06 18:04:10', '2020-12-06 18:04:10'),
(7, 1, 'Penggunaan losion untuk kesehatan kulit', 'Menggunakan body lotion adalah salah satu cara murah yang bisa memanjakan tubuh Anda. Losion bisa membantu melembapkan kulit Anda yang kering, apalagi jika digunakan secara teratur.\r\n\r\nSaya memakai losion untuk melembapkan kulit. Bagi kulit yang cenderung kering seperti saya, losion bisa membuat kulit jadi tidak gatal, imbuh dr. Melyarna.', '', '2020-12-06 18:04:42', '2020-12-06 18:04:42'),
(9, 2, 'Berpikiran Positif (Positive Thinking)', 'Dalam tubuh yang sehat terdapat jiwa yang kuat\r\nMaksud dari kalimat ini, jika di dalam jiwa seseorang sehat (positive thingking) maka tubuh pun akan sehat. Kondisi gangguan pada mental seperti stress dan depresi telah terbukti mengganggu kesehatan tubuh seseorang. Untuk itu, teruslah berpikir positif dan memanage kondisi mental agar tidak mengalami stress yang berpotensi mengganggu kesehatan.\r\n\r\nPikiran positif sangat penting bagi kehidupan dan kesehatan kita. Karena jika kita sering berpikiran buruk, energi yang buruk akan menyelimuti tubuh dan memicu stress sehingga kita harus menghindarinya.\r\n\r\nKita juga harus menjauhi orang-orang dengan pola pikir negatif. Sikap mental yang positif merupakan bagian penting dari hidup sehat. Ini tentu menjadikan kita tidak perlu untuk mendekati Orang-orang berpikiran negatif yang akan meracuni pikiran kita dengan segala pemikiran yang dapat menyebabkan stres yang berdampak buruk untuk kesehatan Anda.', 'positif.jpg', '2020-12-06 18:06:53', '2020-12-06 18:06:53'),
(10, 2, 'Kendalikan Stres', 'Kelola emosi dengan baik, Jangan mudah untuk marah-marah, hal ini sangat penting, karena akan membuat habis energi tubuh dan juga tidak baik untuk hati nantinya. Jadilah orang yang mudah tersenyum dan ramah karena ini baik untuk diri sendiri maupun orang lain.\r\n\r\nPerasaan seseorang seperti sedih, marah, cemas, kecewa, dll akan direspon oleh organ tubuh lainnya. Stress yang dialami oleh seseorang bisa menjadi pemicu terbentuknya radikal bebas di dalam tubuh, yang jika dibiarkan dalam jangka waktu panjang berakibat tubuh rentan terkena penyakit.\r\n\r\nMaka dari itu, untuk menjaga tubuh agar tetap sehat kita harus bisa mengendalikan stress yang kita miliki. Jangan pernah menganggap remeh penyakit stress ini. Stress yang tidak segera diatasi akan berubah menjaid depresi. Depresi merupakan tingkatan gangguan psikis yang lebih membahayakan dibandingkan dengan stress. Orang yang depresi bahkan bisa membahayakan keselamatan dirinya sendiri. Stres ini biasanya muncul di lingkungan kerja, lingkungan keluarga, lingkungan sosial atau bahka di lingkungan pergaulan. Agar terhindar dari depresi ada baiknya kita mengetahui bagaimana cara mengatasi stress yang efektif.', 'stres.jpg', '2020-12-06 18:08:40', '2020-12-06 18:08:40'),
(11, 2, 'Kenali bahasa tubuh', 'Kelelahan setelah melakukan aktifitas atau berolahraga merupakan bahasa tubuh kita untuk menyampaikan pesan bahwa tubuh perlu berisitrahat. Tanggapi pesan tersebut dengan mengistirahatkan tubuh. Kita harus sadar bahkan untuk hal kecil sekalipun, misal mata yang terasa perih dan berair ketika bekerja di depan komputer, itu berarti mata kita sudah lelah dan butuh istirahat. Jangan paksakan kalau tidak ingin mengalami gangguan pada mata.\r\n\r\nBeristirahat merupakan kondisi alamiah yang dibutuhkan tubuh untuk mengembalikan stamina yang telah terkuras. Istirahat yang cukup dan teratur merupakan kunci sehat yang harus kita lakukan. Tidur merupakan istirahat terbaik, dan usahakan waktu tidur berkualitas sekitar 7 sampai 8 jam perhari terpenuhi. Jangan kurang dan jangan berlebihan, sebab kebanyakan tidur pun akan memicu timbulnya penyakit.\r\n\r\nKarena Banyak orang yang terkena penyakit sebab jam tidur mereka serampangan dan tidak berkualitas. Mereka banyak yang tidur sudah larut malam kemudian bangun terlalu pagi. Alasan pekerjaan membuat mereka melakukan pola hidup yang tidak sehat. Setelah seharian bekerja, tubuh kita perlu istirahat agar organ yang ada di dalam tubuh juga tidak bekerja terlalu keras. Ada banyak sekali penyakit akibat kurang tidur yang mengintai orang dengan jam tidur yang tidak cukup.\r\n\r\nDan pada saat tidur, alangkah baiknya jika tidur dengan lampu tidak menyala dan tingkatkan kualitas tidur kita dengan tidur tanpa bantal. Tidak hanya pada malam hari saja, tidur di siang hari pun akan sangat memberi manfaat bagi tubuh kita.', NULL, '2020-12-06 18:08:40', '2020-12-06 18:08:40'),
(12, 2, 'Menjaga Pola Makan', 'Kita harus bisa menjaga pola makan, jangan sampai kita meninggalkan sarapan dan atur selalu jam makan. Orang yang tidak bisa mejaga pola makannya dia akan mudah sekali terkena penyakit maag. Gejala penyakit maag pertama yang akan dirasakan orang yang tidak memiliki pola makan yang teratur adalah perut terasa melilit dan sering terkena sakit perut. Untuk menghindari hal yang seperti itu, berikut juga beberapa tips menjaga pola makan yang baik :\r\n\r\n1.Mengkonsumsi Gizi Seimbang\r\nMengkonsumsi makananan dengan gizi seimbang\r\nSudah tidak asing lagi tentang makanan dengan gizi seimbang, makanan dengan gizi seimbang adalah 4 sehat dan 5 sempurna. Semua gizi makanan ada di makanan 4 sehat dan 5 sempurna. Memang karena faktor ekonomi banyak juga masyarakat yang tidak bisa melakukan pola makan seperti itu. Pola makan mereka kebanyakan jika sudah ada sayur maka lauknya yang tidak ada. Kalaupun keduanya ada, banyak masyarakat yang tidak bisa meminum susu setiap harinya, sehingga makanan 4 sehat 5 sempurna dengan gizi seimbang tersebut tidak terpenuhi.\r\n\r\n2. Hindari Makan Berlebihan atau kurang\r\nJangan makan berlebihan ataupun kekurangan\r\nMakan berlebihan dapa membuat kita kegemukan atau obesitas yang dapat memicu berbagai macam penyakit seperti serangan jantung dan juga penyakit stroke. Sedangkan makan terlalu sedikit (karena alasan diet misalnya) beresiko berkurangnya asupan gizi yang dibutuhkan oleh tubuh. Makanlah sesuai dengan kebutuhan, berat badan ideal tubuh pun sehat.\r\n\r\nMakanlah porsi sedikit, tapi lebih sering. Hal ini cukup baik untuk diterapkan. Kita bisa merubah sedikit jadwal makan, jika sudah terbiasa makan dalam porsi yang besar dengan frekuensi yang sedikit, yaitu 2-3 kali dalam sehari. Maka kita bisa membaginya menjadi 4 atau 5 kali dalam sehari, dalam porsi yang lebih kecil. Tujuan memecah porsi makan ini agar tubuh terhindari dari terlalu banyak menerima makanan yang harus dicerna dalam satu waktu,\r\n\r\n3. Hindari Makanan Sampah\r\nJunk Food (Makanan sampah)\r\nMakanan sampah disebut juga dengan junk food. Junk food merupakan makanan sampah, sebab di dalam makanan itu tidak ada nutrisinya samasekali. Justru makanan itu merupakan sumber penyakit bagi tubuh. Junk food adalah makanan yang mengandung lemak jenuh tinggi yang merupakan sumber penyakit jantung koroner. Agar tubuh tidak mudah sakit tentunya kita harus menghindari makanan junk food tersebut.\r\n\r\n4. Konsumsi makanan berserat\r\nMakan makanan yang berserat (sayur dan buah)\r\nMakanan berserat sudah dipercaya dan terbukti sangat berperan dalam menjaga kesehatan tubuh. Kita memerlukan makanan yang berserat untuk menjaga tubuh kita tetap sehat dan bugar. Makanan yang berserat itu berfungsi untuk menghindarkan dari sembelit dan juga menyehatkan organ pencernaan. Makanan yang tinggi serat juga berguna untuk mengeluarkan racun yang menempel di usus terutama usus besar. Jika usus besar memiliki banyak racun maka resiko untuk terkena kanker usus cenderung besar. Salah satu sumber makanan yang kaya serat dan memiliki manfaat luar biasa bagi tubuh diantaranya brokoli, apel, wortel dan kacang-kacangan.', 'gizi.jpg', '2020-12-06 18:12:07', '2020-12-06 18:12:07'),
(13, 2, 'Cukupi Kebutuhan Cairan', 'Sebagian besar dari kita tidak sadar bahwa sebenarnya kita sering sekali kurang cukup meminum air setiap hari. Ini tentu hal yang tidak baik, sebab seperti kita ketahui air sangat penting bagi tubuh kita. Ini karena kita kehilangan air setiap hari melalui urine, buang air besar, keringat dan pernapasan, sehingga kita perlu mengisi asupan air untuk tubuh kita.\r\n\r\nSebuah penelitian menunjukkan jumlah air yang kita butuhkan adalah tergantung pada berbagai faktor. Seperti kondisi iklim dan cuaca, aktivitas fisik yang kita lakukan, dan juga berat badan. Tetapi umumnya kita perlu 2,7 sampai 3,7 liter asupan air. Atau setidaknya kita meminum 8 gelas air per hari guna memenuhi kebutuhan cairan tubuh setiap harinya. Jangan kurang, jangan pula berlebihan. Alih-alih ingin mendapatkan hasil maksimal dari manfaat minum air, jangan mengkonsumsi air secara berlebihan karena justru akan berdampak buruk bagi kesehatan.\r\n\r\nJika muncul tanda-tanda seperti misalnya; urine kita berwarna atau agak kekuningan, bibir kering, mulut kering dan sedikit buang air kecil. Segeralah minum air karena itu tanda-tanda yang muncul karena tubuh kita mulai kekurangan cairan.\r\n\r\nDan sebaiknya kita jangan mengkonsumsi cairan selain air putih, sebab air putihlah yang paling baik untuk menghindarkan kita dari bahaya dehidrasi. Air putih juga mampu membuat tubuh kita menjadi bugar dikarenakan aliran darah dan aliran oksigen ke seluruh tubuh menjadi lancar. Karena jika aliran darah dan oksigen tidak lancar kita akan mudah lelah, lesu, lunglai dan lain sebagainya.\r\n\r\nUntuk menjaga tubuh tetap sehat dan tidak mudah sakit ada baiknya kita mencukupi kebutuhan cairan di dalam tubuh kita. Ada banyak bahaya yang timbul akibat kekurangan cairan terhadap otak dan organ lain yang ada di dalam tubuh manusia. Kekurangan cairan di dalam tubuh bisa menyebabkan aliran darah dan aliran oksigen di pembuluh darah menjadi terganggu, akibatnya adalah darah menjadi kental. Organ yang ada di dalam tubuh manusia terdiri dari air atau cairan sehingga jika organ kekurangan air fungsi organ itu pun terganggu.', 'lagiminum.jpg', '2020-12-06 18:13:46', '2020-12-06 18:13:46'),
(14, 2, 'Cukupi Kebutuhan Vitamin', 'Tubuh kita membutuhkan asupan vitamin sebagai cara untuk melindungi dan menjaga kesehatan tubuh agar tetap sehat dan bugar. Asupan vitamin yang bisa digunakan untuk menjaga kesehatan tubuh adalah vitamin D dan vitamin C.\r\n\r\nVitamin D berperan untuk menstimulus sel imun untuk menghalau virus dan bakteri, menguatkan tulang, membantu mencegah berbagai penyakit seperti jantung, diabetes, kanker serta mengurangi resiko penurunan daya ingat. Sumber vitamin D dapat berasal dari sinar matahari pagi, telur, ikan, susu dan keju. Jika tubuh kita kekurangan vitamin D maka tubuh akan mudah terkena kuman dan virus. Vitami D pada dasarnya bisa digunakan sebagai penstimulus antibodi agar zat antibodi itu mampu menghasilkan sistem imun yang bisa digunakan untuk melawan kuman dan bakteri yang ada di dalam tubuh.\r\n\r\nTidak hanya vitamin D saja yang penting bagi tubuh, namun vitamin C pun sangat dibutuhkan oleh tubuh. Vitamin C digunakan tubuh untuk menstabilkan sistem imun, karena sistem imun yang stabil akan membuat daya tahan tubuh semakin bagus sehingga tubuh tidak mudah terserang penyakit.\r\n\r\nJika perlu, konsumsilah supplemen. Bagi kita yang memiliki mobilitas sangat tinggi dan memiliki kesibukan yang tinggi tidak ada salahnya kita mengkonsumsi suplemen penambah tenaga untuk menjaga energi yang ada di dalam tubuh kita. Suplemen ini berguna untuk menjaga tubuh kita dari kelelahan. Jika kelelahan sistem imun akan menurun dan ketika menurun masuklah penyakit yang disebabkan oleh kuman dan virus di dalam tubuh kita. Tidak mengherankan orang yang jam kerjanya padat sering terkena flu, batuk dan juga sakit kepala. Hal itu dikarenakan dia kelelahan dan sistem imun sedang menurun.', 'vitamin.jpg', '2020-12-06 18:13:46', '2020-12-06 18:13:46'),
(15, 2, 'Jagalah kebersihan diri dan lingkungan serta hiegienitas makanan dan minuman', 'Menjaga kebersihan diri dan lingkungan merupakan hal yang mutlak harus dilakukan jika ingin tetap sehat dan bugar. Ada begitu banyak bakteri, kuman dan virus di sekitar kita yang berpotensi menjadi sumber penyakit. Biasakan diri untuk hidup bersih guna menghindari kontaminasi bakteri dan kuman berbahaya.\r\n\r\nSalah satu adalah mencuci tangan sebelum makan. Untuk meminimalisir datangnya penyakit pada tubuh, kita harus mencuci tangan dengan benar sebelum makan. Sudah diketahui sebelumnya jika tangan yang terkena kuman akan mudah sekali masuk ke dalam tubuh. Kuman itu nantinya akan menyebabkan berbagai macam gangguan kesehatan.\r\n\r\nAda banyak bahaya jika kita tidak mencuci tangan sebelum makan, salah satunya adalah akan menyebabkan sakit perut. Ada juga orang yang mudah sakit padahal dia sering cuci tangan sebelum makan, hal itu bisa dikarenakan orang tersebut belum tahu bagaimana cara mencuci tangan yang benar dan steril sehingga kuman tersebut masih menempel di tangan.\r\n\r\nMencuci tangan itu tidak sembarangan apalagi asal cepat, namun kita juga harus tahu bagaimana cara yang benar dalam mencuci tangan. Mencuci tangan pun harus dengan sabun antiseptik, fungsi sabun itu sebagai pembunuh kuman dan bakteri yang ada di tangan manusia.\r\n\r\nHidup sehat dan bersih adalah hal yang harus dilakukan di lingkungan sekitar Anda. Sehingga jangan sampai anda memiliki sifat malas untuk bersih-bersih rumah. Pastikan ruangan yang kita tempati dalam konisi bersih dan bebas dari debu. Jangan lupa menggunakan masker saat membersihkan ruangan.\r\n\r\nDan tidak kalah penting juga, kita harus memperhatikan kebersihan makanan dan minuman serta memastikan makanan yang akan kita makan bebas dari kuman dan virus. Memang lebih aman jika kita memasak makanan kita sendiri di rumah dan tidak membiasakan diri jajan sembarangan.\r\n\r\nSelalu pastikan makanan dan minuman yang akan kita konsumsi sudah dalam kondisi yang bersih dan sudah diolah dengan cara yang benar, sudah melewati proses pasteurisasi sesuai standar. Pasteurisasi adalah proses memanaskan masakan untuk membunuh mikroba. Perhatikan pula bahan makanan dan minuman, pastikan menghindari asupan makanan yang dapat merugikan kesehatan.', 'cuci.jpg', '2020-12-06 18:14:44', '2020-12-06 18:14:44'),
(16, 2, 'Olahraga Secara Teratur', 'Setidaknya setiap pagi usahakan untuk berolahraga secara teratur. Kita bisa berolahraga seperti jogging, bersepeda dan lainnya. Atau paling tidak perbanyaklah jalan kaki. Dengan mulai membiasakan jalan kaki, sedikit demi sedikit akan bermanfaat untuk membakar kalori tubuh.\r\n\r\nBerdasarkan penjelasan para ahli bahwa berjalan kaki mampu membakar sekitar 180 kalori per menitnya. Semisal ketika ingin pergi ke warung yang jaraknya dekat maka lakukan dengan jalan kaki saja, jangan naik motor, sehingga selain sehat juga mengirit biaya bensin. Selain itu, hindari duduk terlalu lama karena dapat membuat badan anda menjadi cepat lelah. Cara ini terbukti sangat efektif untuk menjaga kesehatan dan kebugaran tubuh kita.\r\n\r\nBagi kita yang tidak memiliki penyakit jantung kita bisa berolahraga berat selama 30 menit dalam sehari. Dan untuk orang yang sudah mengalami masalah jantung, untuk cara menjaga kesehatan tubuh agar tetap fit bisa melakukan olahraga ringan selama 15 menit dan sesuai kemampuan untuk menjaga tubuhnya agar tidak mudah sakit. olahraga itu bisa digunakan untuk melancarkan peredaran darah serta membakar lemak yang ada di dalam tubuh.\r\n\r\nTanpa olahraga, lemak yang ada di dalam tubuh tidak bisa dibakar secara sempurna sehingga lemak itu tetap akan menempel di pembuluh darah yang menyebabkan penyempitan pembuluh darah. Dan lemak juga bisa menempel di jantung sehingga dapat mengakibatkan serangan jantung. Oleh sebab itu olahraga sangat penting sekali untuk menjaga tubuh agar tetap sehat.', 'olahraga.jpg', '2020-12-06 18:14:44', '2020-12-06 18:14:44'),
(17, 2, 'Hindari kebiasaan buruk', 'Sudah jelas hal-hal yang dapat merusak badan, yaitu merokok, mengonsumsi minuman beralkohol, dan termasuk konsumsi makanan cepat saji. Maka dari itu segera jauhilah kebiasaan buruk tersebut.\r\n\r\nKarena makanan dan minuman seperti itu mengandung zat kimia berbahaya yang dapat merusak organ-organ tubuh. Apalagi resiko penyakit yang muncul akibat konsumsi tidak sehat seperti itu adalah penyakit-penyakit yang mematikan.\r\n\r\nHidup Sehat itu Mudah, Kuncinya Disiplin\r\nSehat itu mahal, jika sakit apapun yang kita punya bisa habis terjual buat berobat, oleh karena itu jika kita ingin berhemat, maka jalani saja pola hidup sehat. Hidup sehat sendiri sangat sederhana. Kita tinggal mengikuti saja cara menjaga kesehatan atau cara hidup sehat seperti uraian diatas. Jika kita disiplin dalam menjalankannya, selain hemat biaya dalam menjalankannya, kesehatan kita juga akan terjaga. Karena Kesehatan adalah kekayaan yang tidak ternilai harganya, oleh sebab itu jagalah kesehatan kita sebelum datang penyakit. Tidak ada penyesalan yang datang di depan, penyesalan selalu datang belakangan.', 'rokok.jpg', '2020-12-06 18:15:42', '2020-12-06 18:15:42'),
(19, 3, 'Mengonsumsi sayur dan buah', 'Sayur dan buah mengandung serat prebiotik, vitamin, mineral, serta berbagai antioksidan yang dibutuhkan oleh tubuh. Studi menunjukkan jika orang yang mengonsumsi lebih banyak sayur dan buah bisa hidup lebih lama, serta memiliki risiko yang lebih rendah terkena penyakit jantung, diabetes tipe-2, obesitas, dan penyakit lainnya. Para ahli pun merekomendasikan agar setengah dari isi piring kita berisikan sayur dan buah. Selain itu, pastikan juga untuk mengkonsumsi nutrisi yang seimbang setiap harinya. ', NULL, '2020-12-06 18:19:53', '2020-12-06 18:19:53'),
(20, 3, 'Menjaga berat badan ideal', 'Memiliki berat badan yang berlebih hingga obesitas dapat meningkatkan resiko seseorang terkena berbagai penyakit yang berbahaya. Di samping itu, memiliki berat badan yang terlalu rendah juga bisa menandakan diri kekurangan nutrisi. Oleh sebab itu, penting untuk menjaga berat badan tetap ideal supaya terhindar dari risiko penyakit yang menyerang.\r\n\r\n', NULL, '2020-12-06 18:19:53', '2020-12-06 18:19:53'),
(21, 3, 'Minum cukup air', 'Minum air putih yang cukup dapat memberi banyak manfaat, yakni meningkatkan metabolisme dan mencegah dehidrasi. Ketika mengalami dehidrasi, kita akan kehausan, lemas, sakit tenggorokan, hingga pusing. Jadi, minumlah air setidaknya 8 gelas per hari agar kebutuhan cairan tubuh terpenuhi untuk menjaga tubuh tetap sehat dan bugar.', NULL, '2020-12-06 18:19:53', '2020-12-06 18:19:53'),
(22, 3, 'Berolahraga secara rutin', 'Berolahraga secara rutin dapat membantu mencegah berbagai penyakit, seperti penyakit jantung, stroke, diabetes, dan kanker. Selain itu, olahraga juga dapat mengendalikan berat badan dan membuat pelakunya merasa lebih bugar. Cobalah untuk berolahraga sekitar 30-60 menit sebanyak 5 kali dalam seminggu. Akan tetapi, jika tidak bisa melakukannya sesering itu, lakukan semampunya daripada tidak sama sekali. ', NULL, '2020-12-06 18:19:53', '2020-12-06 18:19:53'),
(23, 3, 'Tidur yang cukup', 'Begadang menjadi kebiasaan banyak orang. Alih-alih tidur, malam hari seringkali dihabiskan dengan bermain gadget atau menonton TV. Padahal kurang tidur dapat meningkatkan kemungkinan terkena penyakit jantung, diabetes, stroke, obesitas, dan masalah kesehatan lainnya. Selain itu, kurang tidur juga dapat mengganggu konsentrasi, kewaspadaan, dan kinerja. Oleh sebab itu, biasakan untuk tidur dengan cukup dan berkualitas. Tidur yang cukup dapat membantu menjaga kesehatan secara keseluruhan. Agar dapat tidur dengan mudah, jangan minum kopi di sore hari, cobalah tidur dan bangun pada waktu yang sama setiap harinya, dan redupkan lampu beberapa jam sebelum tidur.', NULL, '2020-12-06 18:19:53', '2020-12-06 18:19:53'),
(24, 3, 'Biasakan mencuci tangan dengan sabun', 'Salah satu langkah yang paling penting dalam menjaga kesehatan tubuh, yaitu dengan rutin mencuci tangan dengan sabun pada air mengalir. Ketika menyentuh sesuatu, kita tidak tahu berapa banyak kuman yang ada di tangan kita dan berpotensi masuk ke dalam tubuh. Hal ini juga memungkinkan terjadinya penularan penyakit. Oleh sebab itu, cucilah tangan, terutama sebelum makan, setelah menggunakan toilet, atau setelah bersin dan batuk. Gunakan sabun dan gosok seluruh area tangan, termasuk punggung tangan, telapak tangan, sela-sela jari, dan kuku setidaknya selama 20 detik. ', NULL, '2020-12-06 18:19:53', '2020-12-06 18:19:53'),
(25, 3, 'Batasi mengkonsumsi minuman bersoda', 'Sebagian orang gemar mengonsumsi minuman ringan. Padahal berbagai minuman ringan, seperti minuman bersoda atau minuman berenergi, umumnya mengandung gula tambahan yang tidak sedikit jumlahnya. Beberapa penelitian menunjukkan bahwa mengkonsumsi satu atau dua minuman ringan per hari membuat kita memiliki peningkatan risiko terkena diabetes tipe-2 sebesar 26 persen lebih tinggi. Selain itu, mengkonsumsi minuman manis juga dikaitkan dengan serangan jantung, obesitas, dan asam urat. Untuk mencegah timbulnya berbagai masalah kesehatan, membatasi konsumsi minuman ringan menjadi cara yang tepat dalam menjaga kesehatan tubuh.', NULL, '2020-12-06 18:23:22', '2020-12-06 18:23:22'),
(27, 3, 'Mengelola stres dengan baik', 'Stres merupakan hal yang sering terjadi, namun penting untuk mengelolanya sebaik mungkin. Stres yang berlebihan dapat meningkatkan kadar kortisol dan mengganggu metabolisme tubuh. Selain itu, stres juga dapat meningkatkan risiko terkena berbagai penyakit. Dalam mengelola stres, cobalah untuk berolahraga, berjalan-jalan di alam, mempraktikan teknik pernapasan, melakukan meditasi, atau berkumpul bersama teman-teman. Akan tetapi, jika stres yang dirasakan tak juga berkurang atau semakin memburuk, sebaiknya segera cari bantuan psikolog.', NULL, '2020-12-06 18:23:22', '2020-12-06 18:23:22'),
(28, 3, 'Hindari rokok dan alkohol', 'Merokok bukan hanya merusak paru-paru, namun juga dapat merusak berbagai organ tubuh lainnya. Hal ini juga membuat kita lebih berpotensi terkena kanker, penyakit jantung, dan penyakit serius lainnya. Bahkan perokok pasif pun berisiko mengalami bahaya yang sama. Di samping itu, mengonsumsi minuman beralkohol secara berlebihan juga dapat meningkatkan risiko terkena kanker dan penyakit hati. Oleh sebab itu, akan lebih baik jika menghindari kebiasaan merokok dan minum minuman beralkohol.', NULL, '2020-12-06 18:23:22', '2020-12-06 18:23:22'),
(29, 3, 'Melindungi kulit', 'Paparan sinar matahari yang berlebihan dalam jangka panjang bukan hanya menyebabkan kulit terbakar, namun juga dapat meningkatkan risiko terkena kanker kulit. Pastikan melindungi kulit dari paparan sinar UV dengan mengenakan pakaian berlengan panjang dan topi ketika berada di luar ruangan. Selain itu, gunakan tabir surya yang dapat menghalangi sinar UV sehingga kulit terlindungi.', NULL, '2020-12-06 18:23:22', '2020-12-06 18:23:22');

-- --------------------------------------------------------

--
-- Struktur dari tabel `istilah`
--

CREATE TABLE `istilah` (
  `id_istilah` int(11) NOT NULL,
  `nama_istilah` varchar(100) NOT NULL,
  `penjelasan` text NOT NULL
) ENGINE=InnoDB DEFAULT CHARSET=latin1;

--
-- Dumping data untuk tabel `istilah`
--

INSERT INTO `istilah` (`id_istilah`, `nama_istilah`, `penjelasan`) VALUES
(1, 'Abate', 'Sejenis obat bubuk untuk membunuh jentik nyamuk. Adapun takaran penggunaannya: 10 liter air cukup dengan 1 gram bubuk Abate atau 100 liter air untuk 10 gram Abate (1 sendok makan peres diratakan atasnya = 10 gram Abate).'),
(2, 'Abatisasi', 'Pemberantasan penyakit demam berdarah dengan menaburkan bubuk abate di bak penampung air/drum.'),
(3, 'Abortus = Abortion', 'Kematian bayi dalam kandungan dengan umur kehamilan kurang dari 20 minggu. Berdasarkan penyebabnya terdapat dua macam abortus yaitu abortus disengaja (induced abortion) dan tidak disengaja (spontaneous abortion).'),
(4, 'Abses', 'Kumpulan pus (nanah) yang terletak dalam satu kantung yang terbentuk dalam jaringan yang disebabkan oleh suatu proses infeksi oleh bakteri, parasit atau benda asing lainnya. Abses merupakan reaksi pertahanan yang bertujuan mencegah agen-agen infeksi menyebar ke bagian tubuh lainnya.'),
(5, 'Acne Vulgaris = jerawat', 'Kondisi kulit yang ditandai dengan sumbatan dan peradangan yang melibatkan folikel rambut dan kelenjar sebasea.'),
(6, 'Addict', 'Seseorang yang tidak dapat melawan suatu kebiasaan, terutama pemakaian obat atau alkohol, karena alasan fisiologis atau psikologis.'),
(7, 'Alergi', 'Kondisi di mana tubuh memiliki respon yang berlebihan terhadap suatu zat (misalnya makanan atau obat). Juga dikenal sebagai hipersensitivitas.'),
(8, 'Alkohol', 'Zat yang memproduksi efek ganda pada tubuh: pertama adalah efek depresan yang singkat dan kedua adalah efek agitasi pada susunan saraf pusat yang berlangsung enam kali lebih lama dari efek depresannya.Kesadaran atas kedua efek ini sangat tergantung pada kondisi susunan saraf pusat pada saat penggunaan alkohol berlangsung.'),
(9, 'Amputasi = amputation', 'Memotong, atau memangkas; pembuangan suatu anggota gerak atau anggota badan lain atau hasil perkembangan badan.'),
(10, 'Autisme', 'Kecacatan perkembangan yang kompleks sebagai hasil dari gangguan neurologis yang berdampak pada fungsi normal otak, yang memengaruhi perkembangan komunikasi seseorang dan keterampilan interaksi sosialnya. Autisme memanifestasikan diri selama tiga tahun pertama kehidupan seseorang. Para penyandang autisme memiliki masalah dengan komunikasi non-verbal, berbagai interaksi sosial, dan kegiatan yang meliputi unsur bermain dan bercanda.'),
(11, 'Bronkospasme', 'Kontraksi otot di sekitar saluran napas yang mempersempit saluran napas itu dan menyebabkan wheezing.'),
(12, 'Bulimia', 'Kelainan pola makan yang terlihat dari kebiasaan makan berlebihan, kemudian mencoba mengeluarkan kembali makanan tersebut.'),
(13, 'Burnout', 'Istilah digunakan untuk menggambarkan efek psikologis dari beban pekerjaan berlebihan. Indikasi dari efek ini kerap tidak jelas sehingga sering kali menyebabkan salah diagnosa. Salah satu hal yang kerap terjadi dari kelebihan bekerja sering diindikasi sebagai stress. Stres ini bisa memicu penyakit lainnya.'),
(14, 'Demensia', 'Penurunan fungsional yang disebabkan oleh kelainan yang terjadi pada otak. Gejala umum demensia adalah pikun, gejala lainnya seperti hilangnya memori dan perhatian, kesulitan komunikasi dan penurunan persepsi visual yang dihasilkan oleh kerusakan sel-sel otak.'),
(15, 'Deratisasi', 'Tatacara dimana tindakan penyehatan diambil untuk mengendalikan atau membasmi vektor-vektor rodent penyakit yang terdapat didalam bagasi, kargo, petikemas, alat angkut, fasilitas-fasilitas, barang-barang dan paket pos di pintu masuk.'),
(16, 'Desentralisasi', 'Penyerahan wewenang pemerintah oleh pemerintah kepada daerah Otonom untuk mengatur dan mengururs pemerintah dalam sistem Negara Kesatuan Republik Indonesia'),
(17, 'Desinfeksi', 'Tindakan untuk membunuh bibit penyakit yang berada di luar tubuh.'),
(18, 'Detoksifikasi', 'Suatu proses intervensi medis  yang bertujuan untuk membantu pecandu, penyalahguna dan korban penyalahgunaan narkotika mengatasi gejala putus zat akibat penghentian narkotika dari tubuh pecandu, penyalahguna dan korban penyalahgunaan yang mengalami ketergantungan fisik.'),
(19, 'Ebola', 'Sejenis virus dari genus Ebolavirus, familia Filoviridae, dan juga nama dari penyakit yang disebabkan oleh virus tersebut. Gejala-gejalanya antara lain muntah, diare, sakit badan, pendarahan dalam dan luar, dan demam. Tingkat kematian berkisar antara 80% sampai 100%. Asal kata adalah dari sungai Ebola di Kongo. Penyakit Ebola dapat ditularkan lewat kontak langsung dengan cairan tubuh atau kulit. Masa inkubasinya dari 2 sampai 21 hari, umumnya antara 5 sampai 10 hari. Saat ini telah dikembangkan vaksin untuk Ebola yang 90% efektif dalam monyet, namun vaksin untuk manusia belum ditemukan. Sejauh ini, Ebola adalah penyakit yang paling mematikan di seluruh dunia. Kesempatan untuk hidup jika terinfeksi penyakit ini masih 0% alias tidak mungkin, dan sampai sekarang masih dicari vaksinnya. Penderita biasanya bisa langsung meninggal dalam siklus 6 hari sampai 20 hari, alias sangat cepat. Sekarang bisa dikatakan bahwa Ebola adalah penyakit yang paling dihindari untuk terjangkit di seluruh dunia.'),
(20, 'Eklampsia', 'Perkiraan jumlah asupan natrium yang diukur dari eksresi natrium dalam urin. Asupan garam maksimal 5-6 gram sehari dianjurkan untuk orang dewasa. Untuk jangka panjang tingkat asupan garam maksimum adalah 3 gram sehari.'),
(21, 'Emerging diseases', 'Penyakit-penyakit yang mencuat yaitu penyakit yang angka kejadiannya meningkat dalam dua dekade terakhir ini, atau mempunyai kecenderungan untuk meningkat dalam waktu dekat, penyakit yang area geografis penyebarannya meluas, dan penyakit yang tadinya mudah dikontrol dengan obat-obatan namun kini menjadi resisten.'),
(22, 'Endemi (Endemic)', 'Keberadaan penyakit atau agen infeksi secara terus menerus pada populasi tertentu atau wilayah tertentu. Juga dipakai untuk menyatakan insidens kasus baru penyakit yang selalu ada dalam keadaan mantap di suatu wilayah.'),
(23, 'Farmakologi', 'Ilmu yang mempelajari segala sesuatu tentang obat, terutama dampaknya pada tubuh.'),
(24, 'Fertilisasi', 'Sebuah proses pembuahan sel sperma atau sel telur, dimana keberhasilan proses pembuahan tersebut bergantung pada kondisi fisik sel sperma dan sel telur.'),
(25, 'Filariasis', 'Infeksi karena Filaria. Filaria merupakan nematoda (cacing gelang) berbentuk mirip benang yang dalam keadaan dewasa hidup dalam sistem peredaran darah atau sistem peredaran getah bening. Tempayak/larvanya yang disebut mikrofilaria dapat ditularkan melalui gigitan nyamuk. Manifestasi yang sering dijumpai adalah manifestasi kronis berupa elefantiasis (kaki gajah) dan hidrokel (timbunan cairan setempat khususnya terjadi pada buah zakar). Terdapat tiga spesies cacing penyebab Filariasis yaitu Wuchereria bancrofti; Brugia malayi; Brugia timori. Semua spesies tersebut terdapat di Indonesia, namun lebih dari 70% kasus filariasis di Indonesia disebabkan oleh Brugia malayi.'),
(26, 'Gastroenteritis', 'Peradangan pada saluran pencernaan, yang melibatkan lambung, usus, atau keduanya, biasanya menyebabkan diare, kram perut, mual dan mungkin muntah. Gastroenteritis sering disebut flu perut atau flu lambung karena penyebab gastroenteritis paling umum adalah virus.'),
(27, 'Kanker', 'Kumpulan sel yang tidak dikelilingi kapsul; hal ini memungkinkan sel-sel tersebut dapat menyebar ke organ-organ tubuh lainnya di luar organ yang terkena. Kanker terbagi atas dua kelompok besar yaitu berbentuk cair, disebut kanker darah; berbentuk padat, terlihat sebagai benjolan yang dapat terjadi pada semua organ tubuh manusia seperti tulang, syaraf tepi, jaringan kelenjar getah bening, bola mata.'),
(28, 'Karsinoma', 'Pertumbuhan sel yang ganas yang terdiri dari sel-sel epitel yang cenderung untuk menginfiltrasi jaringan sekitarnya dan menimbulkan metastatis.'),
(29, 'Malnutrisi', 'Kelainan gizi, karena ketidakseimbangan atau ketidakcukupan diet atau akibat gangguan penyerapan atau pendayagunaan makanan.'),
(30, 'Masa inkubasi', 'Waktu antara masuknya suatu bibit penyakit ke dalam tubuh sampai timbulnya gejala-gejala penyakit'),
(31, 'NAPZA (Narkotika, Alkohol, Psikotropika dan Zat Adiktif lainnya)', 'Narkotika yaitu zat-zat alamiah maupun sintetik dari bahan yang dapat menimbulkan candu yang mempunyai efek menurunkan atau mengubah kesadaran.  Alkohol merupakan zat aktif dalam berbagai minuman keras. Di dalam alkohol terkandung etanol yang berfungsi menekan syaraf pusat. Kemudian psikotropika yaitu zat atau obat, baik alamiah maupun sintetis bukan narkotika, yang berkhasiat psikoaktif, yaitu perubahan khas pada aktivitas mental dan perilaku. Sedangkan zat-zat adiktif adalah zat-zat yang mengakibatkan ketergantungan. Zat-zat ini berbahaya karena bisa mematikan sel otak.'),
(32, 'Narkotika', 'Zat atau obat yang berasal dari tanaman atau bukan tanaman baik sintetis maupun semi sintetis yang dapat menyebabkan penurunan atau perubahan kesadaran, hilangnya rasa, mengurangi sampai menghilangkan rasa nyeri, dan dapat menimbulkan ketergantungan. Saat ini terdapat 116 jenis narkotika yang berada di bawah konvensi tahun 1961 (Single Convention on Narcotic Drugs)'),
(33, 'Neuroblastoma', 'Tumor embrional dari sistem saraf simpatis yang berasal dari cikal bakal jaringan saraf (primitif neural crest).'),
(34, 'Nikotin', 'Senyawa aktif farmakologis pyrrolidine yang terdapat dalam tembakau (Nicotiana tabacum, Nicotiana rustic) yang bersifat toksik dan sangat adiktif. Seorang perokok sangat sulit menghentikan kebiasaan merokoknya. Sifat adiksi nikotin sama dengan heroin atau obat adiktif lainnya.'),
(35, 'Obesitas', 'Suatukondisi medisberupa kelebihanlemak tubuhyang terakumulasi sedemikian rupa sehingga menimbulkan dampak merugikan bagi kesehatan, yang kemudian menurunkanharapan hidupdan/atau meningkatkan masalah kesehatan.Seseorang dianggap menderita kegemukan (obese) bilaindeks massa tubuh(IMT), yaitu ukuran yang diperoleh dari hasil pembagian berat badan dalamkilogramdengan kuadrat tinggi badan dalammeter, lebih dari 30kg/m2.'),
(36, 'OD (Over Dosis)', 'Gejala terjadinya keracunan akibat obat yang melebihi dosis yang bisa di terima oleh tubuh. OD sering disangkutan dengan terjadinya bila heroin digunakan bersama alkohol, obat tidur misalnya golongan barbiturat (luminal) atau penenang (valium, xanax, mogadon/BK dan lain-lain). Jangan mengkonsumsi heroin bersama alkohol atau obat tersebut.'),
(37, 'Pandemi (Pandemic)', 'Wabah yang meliputi wilayah yang sangat luas.'),
(38, 'Prebiotik', 'Substansi makanan yang meningkatkan pertumbuhan beberapa bakteri usus yang menguntungkan bagi kesehatan. Sumber alami prebiotik dapat berasal dari produk susu yang mengandung FOS (Frukto Oligosakarida) dan GOS (Galakto Oligosakarida). Prebiotik yang berasal dari serat karbohidrat oligosakarida terdapat dalam buah-buahan, kacang polong-polongan, biji utuh sereal misalnya gandum, sayur-sayuran seperti asparagus, brokoli, dan bumbu-bumbu masak. Prebiotik menyebabkan keseimbangan flora usus dimana bakteri flora normal akan menekan berbagai bakteri patogen pada saluran pencernaan.'),
(39, 'Preskripsi diet', 'Kebutuhan zat gizi klien / pasien yang dihitung berdasarkan status gizi dan kondisi kesehatannya. Preskipsi diet dibuat oleh nutrisionis/dietisien. (Sumber : Pedoman Pelayanan Gizi Rumah Sakit Departemen Kesehatan RI 2003)'),
(40, 'Rabies (penyakit anjing gila/Lyssa)', 'Penyakit infeksi akut yang menular, menyerang susunan saraf pusat yang disebabkan oleh virus rabies, dan ditularkan melalui gigitan hewan penular Rabies terutama anjing, kucing dan kera, mengakibatkan 100% kematian.'),
(41, 'Miopia', 'Kesalahan refraksi mata di mana bola mata terlalu mencembung dan fokus cahaya berada di depan retina mata. Hal ini menyebabkan kesulitan untuk memfokuskan obyek yang jauh dari mata. Juga disebut miopia.'),
(42, 'Refleksologi', 'Teknik penyembuhan alternatif untuk mengurangi ketegangan, meningkatkan sirkulasi, dan mempromosikan fungsi alami dari tubuh melalui penerapan tekanan pada berbagai titik-titik tertentu di kaki.'),
(43, 'Rehabilitasi medik', 'Meningkatkan kemampuan fungsional seseorang sesuai dengan potensi yang dimiliki untuk mempertahankan dan atau meningkatkan kualitas hidup dengan cara mencegah atau mengurangi impairment, disabilitas, dan handicapt semaksimal mungkin'),
(44, 'Remaja', 'Kelompok usia 10-19 tahun'),
(45, 'Rubella', 'Infeksi Rubella ditandai dengan demam akut, ruam pada kulit dan pembesaran kelenjar getah bening. Infeksi ini disebabkan oleh virus Rubella, dapat menyerang anak-anak dan dewasa muda. Infeksi Rubella berbahaya bila tejadi pada wanita hamil muda, karena dapat menyebabkan kelainan pada bayinya. Jika infeksi terjadi pada bulan pertama kehamilan maka risiko terjadinya kelainan adalah 50%, sedangkan jika infeksi tejadi trimester pertama maka risikonya menjadi 25% (menurut America College of Obstatrician and Gynecologists, 1981).'),
(46, 'Serum', 'Di dalamdarah,serumadalah komponen yang bukan berupasel darah, juga bukanfaktor koagulasi; serum adalahplasma darahtanpafibrinogen. Serum terdiri dari semuaprotein(yang tidak digunakan untuk pembekuan darah) termasukcairan elektrolit,antibodi,antigen,hormon, dan semua substansiexogenous. Rumusan umum yaitu: serum = plasma - fibrinogen -proteinfaktor koagulasi.'),
(47, 'Sianosis', 'Warna kulit dan membran mukosa kebiruan atau pucat karena kandungan oksigen yang rendah dalam darah. Kondisi ini terutama mencolok di bibir dan kuku. Sianosis dapat muncul dalam berbagai kondisi medis di mana konsentrasi oksigen darah rendah, misalnya pada penyakit paru-paru, kelainan jantung dan di daerah geografis yang tinggi.'),
(48, 'Silinder Mata = Astigmatisma', 'Gejala penyimpangan dalam pembentukkan bayangan pada lensa, hal ini disebabkan oleh cacat lensa yang tidak dapat memberikan gambaran/bayangan garis vertikal dengan horizontal secara bersamaan.'),
(49, 'Simplisia', 'Simplisia merupakan bahan baku alamiah yang dipergunakan sebagai obat tradisional yang belum mengalami pengolahan. Bagian tanaman yang biasa dijadikan sebagai simplisia yaitu daun, rimpang, bunga, biji dan kulit kayu. Terdapat 2 jenis simplisia yang dapat digunakan dalam pembuatan jamu yaitu simplisia basah atau simplisia kering. Jika simplisia yang digunakan memiliki kondisi yang kurang baik maka zat aktif yang terkandung dalam bahan baku jamu dapat berkurang atau bahkan tidak ada sama sekali, sehingga diperlukan proses pemilihan simplisia yang baik dan benar.'),
(50, 'Toksoid', 'Toksin yang diolah sedemikian rupa hingga hilang daya racunnya tapi masih mempunyai daya antigennya.');

-- --------------------------------------------------------

--
-- Struktur dari tabel `tips`
--

CREATE TABLE `tips` (
  `id_tips` int(11) NOT NULL,
  `judul_tips` text NOT NULL,
  `sumber` text NOT NULL,
  `image` text NOT NULL,
  `create_at` timestamp NOT NULL DEFAULT current_timestamp(),
  `update_at` timestamp NOT NULL DEFAULT current_timestamp()
) ENGINE=InnoDB DEFAULT CHARSET=latin1;

--
-- Dumping data untuk tabel `tips`
--

INSERT INTO `tips` (`id_tips`, `judul_tips`, `sumber`, `image`, `create_at`, `update_at`) VALUES
(1, '7 Tips Gaya Hidup Sehat dari Para Dokter', 'https://www.klikdokter.com/', '7tips.jpg', '2020-12-06 18:00:27', '2020-12-06 18:00:27'),
(2, '9 TIPS MENJAGA KESEHATAN TUBUH AGAR TETAP SEHAT DAN BUGAR', 'https://rumahsakitislam.com/', '9tips.jpeg', '2020-12-06 18:06:16', '2020-12-06 18:06:16'),
(3, 'Tips Menjaga Kesehatan Tubuh agar tetap Sehat dan Bugar', 'http://www.hypermart.co.id/', 'tips.jpg', '2020-12-06 18:16:56', '2020-12-06 18:16:56');

-- --------------------------------------------------------

--
-- Struktur dari tabel `transaksi`
--

CREATE TABLE `transaksi` (
  `id_transaksi` int(11) NOT NULL,
  `id_user` int(11) NOT NULL,
  `jenis_transaksi` varchar(10) NOT NULL,
  `jumlah_transaksi` int(11) NOT NULL,
  `deskripsi` text NOT NULL,
  `create_at` timestamp NOT NULL DEFAULT current_timestamp()
) ENGINE=InnoDB DEFAULT CHARSET=latin1;

-- --------------------------------------------------------

--
-- Struktur dari tabel `user`
--

CREATE TABLE `user` (
  `id_user` int(11) NOT NULL,
  `email` varchar(50) NOT NULL,
  `nama_lengkap` varchar(50) NOT NULL,
  `uang` int(11) NOT NULL DEFAULT 0,
  `password` text NOT NULL,
  `jenis_kelamin` varchar(10) DEFAULT NULL,
  `alamat` text DEFAULT NULL,
  `create_at` timestamp NOT NULL DEFAULT current_timestamp(),
  `update_at` timestamp NOT NULL DEFAULT current_timestamp()
) ENGINE=InnoDB DEFAULT CHARSET=latin1;

--
-- Dumping data untuk tabel `user`
--

INSERT INTO `user` (`id_user`, `email`, `nama_lengkap`, `uang`, `password`, `jenis_kelamin`, `alamat`, `create_at`, `update_at`) VALUES
(13, 'fauzy@gmail.com', 'Fauzy Wahyudi', 0, '72cd53e213f329d3f43e8aeeb1eea363', 'Laki-laki', 'Solok', '2020-12-05 17:46:56', '2020-12-07 02:16:03');

--
-- Indexes for dumped tables
--

--
-- Indeks untuk tabel `berita`
--
ALTER TABLE `berita`
  ADD PRIMARY KEY (`id_berita`);

--
-- Indeks untuk tabel `informasi`
--
ALTER TABLE `informasi`
  ADD PRIMARY KEY (`id_informasi`);

--
-- Indeks untuk tabel `istilah`
--
ALTER TABLE `istilah`
  ADD PRIMARY KEY (`id_istilah`);

--
-- Indeks untuk tabel `tips`
--
ALTER TABLE `tips`
  ADD PRIMARY KEY (`id_tips`);

--
-- Indeks untuk tabel `transaksi`
--
ALTER TABLE `transaksi`
  ADD PRIMARY KEY (`id_transaksi`);

--
-- Indeks untuk tabel `user`
--
ALTER TABLE `user`
  ADD PRIMARY KEY (`id_user`);

--
-- AUTO_INCREMENT untuk tabel yang dibuang
--

--
-- AUTO_INCREMENT untuk tabel `berita`
--
ALTER TABLE `berita`
  MODIFY `id_berita` int(11) NOT NULL AUTO_INCREMENT, AUTO_INCREMENT=7;

--
-- AUTO_INCREMENT untuk tabel `informasi`
--
ALTER TABLE `informasi`
  MODIFY `id_informasi` int(11) NOT NULL AUTO_INCREMENT, AUTO_INCREMENT=32;

--
-- AUTO_INCREMENT untuk tabel `istilah`
--
ALTER TABLE `istilah`
  MODIFY `id_istilah` int(11) NOT NULL AUTO_INCREMENT, AUTO_INCREMENT=51;

--
-- AUTO_INCREMENT untuk tabel `tips`
--
ALTER TABLE `tips`
  MODIFY `id_tips` int(11) NOT NULL AUTO_INCREMENT, AUTO_INCREMENT=4;

--
-- AUTO_INCREMENT untuk tabel `transaksi`
--
ALTER TABLE `transaksi`
  MODIFY `id_transaksi` int(11) NOT NULL AUTO_INCREMENT, AUTO_INCREMENT=54;

--
-- AUTO_INCREMENT untuk tabel `user`
--
ALTER TABLE `user`
  MODIFY `id_user` int(11) NOT NULL AUTO_INCREMENT, AUTO_INCREMENT=14;
COMMIT;

/*!40101 SET CHARACTER_SET_CLIENT=@OLD_CHARACTER_SET_CLIENT */;
/*!40101 SET CHARACTER_SET_RESULTS=@OLD_CHARACTER_SET_RESULTS */;
/*!40101 SET COLLATION_CONNECTION=@OLD_COLLATION_CONNECTION */;
